WD 1,WD 2,WD 3,WD 4,WD 5,WD 6,WD 7,WD 8,WD 9,WD 10,WD 11,WD 12,WD 13,WD 14,WD 15,WD 16,WD 17,WD 18,WD 19,WD 20,WD 21,WD 22,WD 23,WD 24,WD 25
Shock 1,SFID,Shock 2,Vibe 3,NSIM 1,Shock 1,A1,Shock 2,Reserved,R4,Shock 1,A58,Shock 2,NavStrike,R1,Shock 1,A89,Shock 2,Reserved,Vibe 5,Shock 1,Vibe 1,Shock 2,FS WD 1,FS WD 2
Shock 1,SFID,Shock 2,Vibe 4,NSIM 2,Shock 1,A2,Shock 2,Reserved,R4,Shock 1,A59,Shock 2,KIPS,R2,Shock 1,A90,Shock 2,Reserved,Vibe 6,Shock 1,Vibe 2,Shock 2,FS WD 1,FS WD 2
Shock 1,SFID,Shock 2,Vibe 3,NSIM 3,Shock 1,A3,Shock 2,Reserved,R4,Shock 1,A60,Shock 2,NavStrike,R1,Shock 1,A91,Shock 2,Reserved,Vibe 5,Shock 1,Vibe 1,Shock 2,FS WD 1,FS WD 2
Shock 1,SFID,Shock 2,Vibe 4,NSIM 4,Shock 1,A4,Shock 2,Reserved,R4,Shock 1,A61,Shock 2,KIPS,R3,Shock 1,A92,Shock 2,Reserved,Vibe 6,Shock 1,Vibe 2,Shock 2,FS WD 1,FS WD 2
Shock 1,SFID,Shock 2,Vibe 3,NSIM 5,Shock 1,A5,Shock 2,Reserved,R4,Shock 1,A62,Shock 2,NavStrike,R1,Shock 1,A93,Shock 2,Reserved,Vibe 5,Shock 1,Vibe 1,Shock 2,FS WD 1,FS WD 2
Shock 1,SFID,Shock 2,Vibe 4,NSIM 6,Shock 1,A6,Shock 2,Reserved,R4,Shock 1,A63,Shock 2,KIPS,,Shock 1,A94,Shock 2,Reserved,Vibe 6,Shock 1,Vibe 2,Shock 2,FS WD 1,FS WD 2
Shock 1,SFID,Shock 2,Vibe 3,NSIM 7,Shock 1,A7,Shock 2,Reserved,R4,Shock 1,A64,Shock 2,NavStrike,R1,Shock 1,A95,Shock 2,Reserved,Vibe 5,Shock 1,Vibe 1,Shock 2,FS WD 1,FS WD 2
Shock 1,SFID,Shock 2,Vibe 4,NSIM 8,Shock 1,A8,Shock 2,Reserved,R4,Shock 1,A65,Shock 2,KIPS,,Shock 1,A96,Shock 2,Reserved,Vibe 6,Shock 1,Vibe 2,Shock 2,FS WD 1,FS WD 2
Shock 1,SFID,Shock 2,Vibe 3,NSIM 9,Shock 1,A9,Shock 2,Reserved,R4,Shock 1,A66,Shock 2,NavStrike,R1,Shock 1,A97,Shock 2,Reserved,Vibe 5,Shock 1,Vibe 1,Shock 2,FS WD 1,FS WD 2
Shock 1,SFID,Shock 2,Vibe 4,NSIM 10,Shock 1,A10,Shock 2,Reserved,R4,Shock 1,A67,Shock 2,KIPS,,Shock 1,A98,Shock 2,Reserved,Vibe 6,Shock 1,Vibe 2,Shock 2,FS WD 1,FS WD 2
Shock 1,SFID,Shock 2,Vibe 3,NSIM 11,Shock 1,A11,Shock 2,Reserved,R4,Shock 1,A68,Shock 2,NavStrike,R1,Shock 1,A99,Shock 2,Reserved,Vibe 5,Shock 1,Vibe 1,Shock 2,FS WD 1,FS WD 2
Shock 1,SFID,Shock 2,Vibe 4,NSIM 12,Shock 1,A12,Shock 2,Reserved,R4,Shock 1,A69,Shock 2,KIPS,,Shock 1,A100,Shock 2,Reserved,Vibe 6,Shock 1,Vibe 2,Shock 2,FS WD 1,FS WD 2
Shock 1,SFID,Shock 2,Vibe 3,NSIM 13,Shock 1,A13,Shock 2,Reserved,R4,Shock 1,A70,Shock 2,NavStrike,R1,Shock 1,A101,Shock 2,Reserved,Vibe 5,Shock 1,Vibe 1,Shock 2,FS WD 1,FS WD 2
Shock 1,SFID,Shock 2,Vibe 4,NSIM 14,Shock 1,A14,Shock 2,Reserved,R4,Shock 1,A71,Shock 2,KIPS,,Shock 1,A102,Shock 2,Reserved,Vibe 6,Shock 1,Vibe 2,Shock 2,FS WD 1,FS WD 2
Shock 1,SFID,Shock 2,Vibe 3,NSIM 15,Shock 1,A15,Shock 2,Reserved,R4,Shock 1,A72,Shock 2,NavStrike,R1,Shock 1,A103,Shock 2,Reserved,Vibe 5,Shock 1,Vibe 1,Shock 2,FS WD 1,FS WD 2
Shock 1,SFID,Shock 2,Vibe 4,NSIM 16,Shock 1,R8,Shock 2,Reserved,R4,Shock 1,A73,Shock 2,KIPS,,Shock 1,A104,Shock 2,Reserved,Vibe 6,Shock 1,Vibe 2,Shock 2,FS WD 1,FS WD 2
Shock 1,SFID,Shock 2,Vibe 3,NSIM 17,Shock 1,A16,Shock 2,Reserved,R4,Shock 1,A74,Shock 2,NavStrike,R1,Shock 1,A105,Shock 2,Reserved,Vibe 5,Shock 1,Vibe 1,Shock 2,FS WD 1,FS WD 2
Shock 1,SFID,Shock 2,Vibe 4,NSIM 18,Shock 1,A17,Shock 2,Reserved,R4,Shock 1,A75,Shock 2,KIPS,R2,Shock 1,A106,Shock 2,Reserved,Vibe 6,Shock 1,Vibe 2,Shock 2,FS WD 1,FS WD 2
Shock 1,SFID,Shock 2,Vibe 3,NSIM 19,Shock 1,A18,Shock 2,Reserved,R4,Shock 1,A76,Shock 2,NavStrike,R1,Shock 1,A107,Shock 2,Reserved,Vibe 5,Shock 1,Vibe 1,Shock 2,FS WD 1,FS WD 2
Shock 1,SFID,Shock 2,Vibe 4,NSIM 20,Shock 1,A19,Shock 2,Reserved,R4,Shock 1,A77,Shock 2,KIPS,R3,Shock 1,A108,Shock 2,Reserved,Vibe 6,Shock 1,Vibe 2,Shock 2,FS WD 1,FS WD 2
Shock 1,SFID,Shock 2,Vibe 3,NSIM 21,Shock 1,A20,Shock 2,Reserved,R4,Shock 1,A78,Shock 2,NavStrike,R1,Shock 1,A109,Shock 2,Reserved,Vibe 5,Shock 1,Vibe 1,Shock 2,FS WD 1,FS WD 2
Shock 1,SFID,Shock 2,Vibe 4,NSIM 22,Shock 1,A21,Shock 2,Reserved,R4,Shock 1,A79,Shock 2,KIPS,,Shock 1,A110,Shock 2,Reserved,Vibe 6,Shock 1,Vibe 2,Shock 2,FS WD 1,FS WD 2
Shock 1,SFID,Shock 2,Vibe 3,NSIM 23,Shock 1,A22,Shock 2,Reserved,R4,Shock 1,A80,Shock 2,NavStrike,R1,Shock 1,A111,Shock 2,Reserved,Vibe 5,Shock 1,Vibe 1,Shock 2,FS WD 1,FS WD 2
Shock 1,SFID,Shock 2,Vibe 4,NSIM 24,Shock 1,A23,Shock 2,Reserved,R4,Shock 1,A81,Shock 2,KIPS,,Shock 1,A112,Shock 2,Reserved,Vibe 6,Shock 1,Vibe 2,Shock 2,FS WD 1,FS WD 2
Shock 1,SFID,Shock 2,Vibe 3,NSIM 25,Shock 1,A24,Shock 2,Reserved,R4,Shock 1,A82,Shock 2,NavStrike,R1,Shock 1,A113,Shock 2,Reserved,Vibe 5,Shock 1,Vibe 1,Shock 2,FS WD 1,FS WD 2
Shock 1,SFID,Shock 2,Vibe 4,NSIM 26,Shock 1,A25,Shock 2,Reserved,R4,Shock 1,A83,Shock 2,KIPS,,Shock 1,A114,Shock 2,Reserved,Vibe 6,Shock 1,Vibe 2,Shock 2,FS WD 1,FS WD 2
Shock 1,SFID,Shock 2,Vibe 3,NSIM 27,Shock 1,A26,Shock 2,Reserved,R4,Shock 1,A84,Shock 2,NavStrike,R1,Shock 1,A115,Shock 2,Reserved,Vibe 5,Shock 1,Vibe 1,Shock 2,FS WD 1,FS WD 2
Shock 1,SFID,Shock 2,Vibe 4,NSIM 28,Shock 1,A27,Shock 2,Reserved,R4,Shock 1,A85,Shock 2,KIPS,,Shock 1,A116,Shock 2,Reserved,Vibe 6,Shock 1,Vibe 2,Shock 2,FS WD 1,FS WD 2
Shock 1,SFID,Shock 2,Vibe 3,NSIM 29,Shock 1,A29,Shock 2,Reserved,R4,Shock 1,A86,Shock 2,NavStrike,R1,Shock 1,A117,Shock 2,Reserved,Vibe 5,Shock 1,Vibe 1,Shock 2,FS WD 1,FS WD 2
Shock 1,SFID,Shock 2,Vibe 4,NSIM 30,Shock 1,A30,Shock 2,Reserved,R4,Shock 1,A87,Shock 2,KIPS,,Shock 1,A118,Shock 2,Reserved,Vibe 6,Shock 1,Vibe 2,Shock 2,FS WD 1,FS WD 2
Shock 1,SFID,Shock 2,Vibe 3,NSIM 31,Shock 1,A31,Shock 2,Reserved,R4,Shock 1,A88,Shock 2,NavStrike,R1,Shock 1,A119,Shock 2,Reserved,Vibe 5,Shock 1,Vibe 1,Shock 2,FS WD 1,FS WD 2
Shock 1,SFID,Shock 2,Vibe 4,NSIM 32,Shock 1,R8,Shock 2,Reserved,R4,Shock 1,T1,Shock 2,KIPS,,Shock 1,A120,Shock 2,Reserved,Vibe 6,Shock 1,Vibe 2,Shock 2,FS WD 1,FS WD 2
Shock 1,SFID,Shock 2,Vibe 3,NSIM 33,Shock 1,A28,Shock 2,Reserved,R4,Shock 1,T2,Shock 2,NavStrike,R1,Shock 1,Reserved,Shock 2,Reserved,Vibe 5,Shock 1,Vibe 1,Shock 2,FS WD 1,FS WD 2
Shock 1,SFID,Shock 2,Vibe 4,NSIM 34,Shock 1,A32,Shock 2,Reserved,R4,Shock 1,T3,Shock 2,KIPS,R2,Shock 1,Reserved,Shock 2,Reserved,Vibe 6,Shock 1,Vibe 2,Shock 2,FS WD 1,FS WD 2
Shock 1,SFID,Shock 2,Vibe 3,NSIM 35,Shock 1,A33,Shock 2,Reserved,R4,Shock 1,T4,Shock 2,NavStrike,R1,Shock 1,Reserved,Shock 2,Reserved,Vibe 5,Shock 1,Vibe 1,Shock 2,FS WD 1,FS WD 2
Shock 1,SFID,Shock 2,Vibe 4,NSIM 36,Shock 1,A34,Shock 2,Reserved,R4,Shock 1,T5,Shock 2,KIPS,R3,Shock 1,Reserved,Shock 2,Reserved,Vibe 6,Shock 1,Vibe 2,Shock 2,FS WD 1,FS WD 2
Shock 1,SFID,Shock 2,Vibe 3,NSIM 37,Shock 1,A35,Shock 2,Reserved,R4,Shock 1,T6,Shock 2,NavStrike,R1,Shock 1,Reserved,Shock 2,Reserved,Vibe 5,Shock 1,Vibe 1,Shock 2,FS WD 1,FS WD 2
Shock 1,SFID,Shock 2,Vibe 4,NSIM 38,Shock 1,A36,Shock 2,Reserved,R4,Shock 1,T7,Shock 2,KIPS,,Shock 1,Reserved,Shock 2,Reserved,Vibe 6,Shock 1,Vibe 2,Shock 2,FS WD 1,FS WD 2
Shock 1,SFID,Shock 2,Vibe 3,NSIM 39,Shock 1,A37,Shock 2,Reserved,R4,Shock 1,T8,Shock 2,NavStrike,R1,Shock 1,Reserved,Shock 2,Reserved,Vibe 5,Shock 1,Vibe 1,Shock 2,FS WD 1,FS WD 2
Shock 1,SFID,Shock 2,Vibe 4,NSIM 40,Shock 1,A38,Shock 2,Reserved,R4,Shock 1,T9,Shock 2,KIPS,,Shock 1,Reserved,Shock 2,Reserved,Vibe 6,Shock 1,Vibe 2,Shock 2,FS WD 1,FS WD 2
Shock 1,SFID,Shock 2,Vibe 3,NSIM 41,Shock 1,A39,Shock 2,Reserved,R4,Shock 1,T10,Shock 2,NavStrike,R1,Shock 1,Reserved,Shock 2,Reserved,Vibe 5,Shock 1,Vibe 1,Shock 2,FS WD 1,FS WD 2
Shock 1,SFID,Shock 2,Vibe 4,NSIM 42,Shock 1,A40,Shock 2,Reserved,R4,Shock 1,T11,Shock 2,KIPS,,Shock 1,Reserved,Shock 2,Reserved,Vibe 6,Shock 1,Vibe 2,Shock 2,FS WD 1,FS WD 2
Shock 1,SFID,Shock 2,Vibe 3,NSIM 43,Shock 1,A41,Shock 2,Reserved,R4,Shock 1,T12,Shock 2,NavStrike,R1,Shock 1,Reserved,Shock 2,Reserved,Vibe 5,Shock 1,Vibe 1,Shock 2,FS WD 1,FS WD 2
Shock 1,SFID,Shock 2,Vibe 4,NSIM 44,Shock 1,A42,Shock 2,Reserved,R4,Shock 1,T13,Shock 2,KIPS,,Shock 1,Reserved,Shock 2,Reserved,Vibe 6,Shock 1,Vibe 2,Shock 2,FS WD 1,FS WD 2
Shock 1,SFID,Shock 2,Vibe 3,NSIM 45,Shock 1,A43,Shock 2,Reserved,R4,Shock 1,T14,Shock 2,NavStrike,R1,Shock 1,Reserved,Shock 2,Reserved,Vibe 5,Shock 1,Vibe 1,Shock 2,FS WD 1,FS WD 2
Shock 1,SFID,Shock 2,Vibe 4,NSIM 46,Shock 1,A44,Shock 2,Reserved,R4,Shock 1,T15,Shock 2,KIPS,,Shock 1,Reserved,Shock 2,Reserved,Vibe 6,Shock 1,Vibe 2,Shock 2,FS WD 1,FS WD 2
Shock 1,SFID,Shock 2,Vibe 3,NSIM 47,Shock 1,A45,Shock 2,Reserved,R4,Shock 1,T16,Shock 2,NavStrike,R1,Shock 1,Reserved,Shock 2,Reserved,Vibe 5,Shock 1,Vibe 1,Shock 2,FS WD 1,FS WD 2
Shock 1,SFID,Shock 2,Vibe 4,NSIM 48,Shock 1,R8,Shock 2,Reserved,R4,Shock 1,T17,Shock 2,KIPS,,Shock 1,Reserved,Shock 2,Reserved,Vibe 6,Shock 1,Vibe 2,Shock 2,FS WD 1,FS WD 2
Shock 1,SFID,Shock 2,Vibe 3,NSIM 49,Shock 1,A46,Shock 2,Reserved,R4,Shock 1,T18,Shock 2,NavStrike,R1,Shock 1,Reserved,Shock 2,Reserved,Vibe 5,Shock 1,Vibe 1,Shock 2,FS WD 1,FS WD 2
Shock 1,SFID,Shock 2,Vibe 4,NSIM 50,Shock 1,A47,Shock 2,Reserved,R4,Shock 1,T19,Shock 2,KIPS,R2,Shock 1,Reserved,Shock 2,Reserved,Vibe 6,Shock 1,Vibe 2,Shock 2,FS WD 1,FS WD 2
Shock 1,SFID,Shock 2,Vibe 3,NSIM 51,Shock 1,A48,Shock 2,Reserved,R4,Shock 1,T20,Shock 2,NavStrike,R1,Shock 1,Reserved,Shock 2,Reserved,Vibe 5,Shock 1,Vibe 1,Shock 2,FS WD 1,FS WD 2
Shock 1,SFID,Shock 2,Vibe 4,NSIM 52,Shock 1,A49,Shock 2,Reserved,R4,Shock 1,T21,Shock 2,KIPS,R3,Shock 1,Reserved,Shock 2,Reserved,Vibe 6,Shock 1,Vibe 2,Shock 2,FS WD 1,FS WD 2
Shock 1,SFID,Shock 2,Vibe 3,NSIM 53,Shock 1,A50,Shock 2,Reserved,R4,Shock 1,T22,Shock 2,NavStrike,R1,Shock 1,Reserved,Shock 2,Reserved,Vibe 5,Shock 1,Vibe 1,Shock 2,FS WD 1,FS WD 2
Shock 1,SFID,Shock 2,Vibe 4,NSIM 54,Shock 1,A51,Shock 2,Reserved,R4,Shock 1,T23,Shock 2,KIPS,,Shock 1,Reserved,Shock 2,Reserved,Vibe 6,Shock 1,Vibe 2,Shock 2,FS WD 1,FS WD 2
Shock 1,SFID,Shock 2,Vibe 3,NSIM 55,Shock 1,A52,Shock 2,Reserved,R4,Shock 1,T24,Shock 2,NavStrike,R1,Shock 1,Reserved,Shock 2,Reserved,Vibe 5,Shock 1,Vibe 1,Shock 2,FS WD 1,FS WD 2
Shock 1,SFID,Shock 2,Vibe 4,NSIM 56,Shock 1,A53,Shock 2,Reserved,R4,Shock 1,Reserved,Shock 2,KIPS,,Shock 1,Reserved,Shock 2,Reserved,Vibe 6,Shock 1,Vibe 2,Shock 2,FS WD 1,FS WD 2
Shock 1,SFID,Shock 2,Vibe 3,NSIM 57,Shock 1,A54,Shock 2,Reserved,R4,Shock 1,MF 1,Shock 2,NavStrike,R1,Shock 1,Reserved,Shock 2,Reserved,Vibe 5,Shock 1,Vibe 1,Shock 2,FS WD 1,FS WD 2
Shock 1,SFID,Shock 2,Vibe 4,NSIM 58,Shock 1,A55,Shock 2,Reserved,R4,Shock 1,MF 2,Shock 2,KIPS,,Shock 1,Reserved,Shock 2,Reserved,Vibe 6,Shock 1,Vibe 2,Shock 2,FS WD 1,FS WD 2
Shock 1,SFID,Shock 2,Vibe 3,NSIM 59,Shock 1,A56,Shock 2,Reserved,R4,Shock 1,R6,Shock 2,NavStrike,R1,Shock 1,Reserved,Shock 2,Reserved,Vibe 5,Shock 1,Vibe 1,Shock 2,FS WD 1,FS WD 2
Shock 1,SFID,Shock 2,Vibe 4,NSIM 60,Shock 1,A57,Shock 2,Reserved,R4,Shock 1,R7,Shock 2,KIPS,,Shock 1,Reserved,Shock 2,Reserved,Vibe 6,Shock 1,Vibe 2,Shock 2,FS WD 1,FS WD 2
Shock 1,SFID,Shock 2,Vibe 3,NSIM 61,Shock 1,A29,Shock 2,Reserved,R4,Shock 1,KIPS-OK,Shock 2,NavStrike,R1,Shock 1,Reserved,Shock 2,Reserved,Vibe 5,Shock 1,Vibe 1,Shock 2,FS WD 1,FS WD 2
Shock 1,SFID,Shock 2,Vibe 4,NSIM 62,Shock 1,A30,Shock 2,Reserved,R4,Shock 1,Reserved,Shock 2,KIPS,,Shock 1,Reserved,Shock 2,Reserved,Vibe 6,Shock 1,Vibe 2,Shock 2,FS WD 1,FS WD 2
Shock 1,SFID,Shock 2,Vibe 3,NSIM 63,Shock 1,A31,Shock 2,Reserved,R4,Shock 1,Reserved,Shock 2,NavStrike,R1,Shock 1,Reserved,Shock 2,Reserved,Vibe 5,Shock 1,Vibe 1,Shock 2,FS WD 1,FS WD 2
Shock 1,SFID,Shock 2,Vibe 4,NSIM 64,Shock 1,R8,Shock 2,Reserved,R4,Shock 1,Reserved,Shock 2,KIPS,,Shock 1,Reserved,Shock 2,Reserved,Vibe 6,Shock 1,Vibe 2,Shock 2,FS WD 1,FS WD 2